Workbook

Sheet Players & Hdcp
A1: The Who? Invitational Open — Player List
A2: Single source of truth. Edit an index here and it follows that player everywhere. Team, Cart, Duel and Format columns are read-only — they update themselves.
A4: Golfer | B4: Index | C4: Source | D4: Playing Hdcp (90%) | E4: Plays As | F4: Team | G4: Cart # | H4: Duel # | I4: Status | K4: Settings
A5: Jipp | B5: 3.2 | C5: Established index | D5: =ROUND(MIN(B5,$L$5)*$L$6,0) -> 3 | E5: =IF(COUNTIF(Scramble!$C$5:$D$6,A5)>0,"Scramble","Individual") -> Individual | F5: {=IFERROR(INDEX(Teams!$A$5:$A$20,MATCH(A5,Teams!$B$5:$B$20,0)),"— none —")} -> Ryobi | G5: {=IFERROR(INDEX('Cart Pairings'!$A$5:$A$12,MATCH(A5,'Cart Pairings'!$B$5:$B$12,0)),IFERROR(INDEX('Cart Pairings'!$A$5:$A$12,MATCH(A5,'Cart Pairings'!$C$5:$C$12,0)),"— none —"))} -> 1 | H5: {=IFERROR(INDEX(Duels!$A$5:$A$11,MATCH(A5,Duels!$B$5:$B$11,0)),IFERROR(INDEX(Duels!$A$5:$A$11,MATCH(A5,Duels!$E$5:$E$11,0)),IFERROR(INDEX(Duels!$A$5:$A$11,MATCH(INDEX(Scramble!$B$5:$B$6,IFERROR(MATCH(A5,Scramble!$C$5:$C$6,0),IFERROR(MATCH(A5,Scramble!$D$5:$D$6,0),1))),Duels!$B$5:$B$11,0)),IFERROR(INDEX(Duels!$A$5:$A$11,MATCH(INDEX(Scramble!$B$5:$B$6,IFERROR(MATCH(A5,Scramble!$C$5:$C$6,0),IFERROR(MATCH(A5,Scramble!$D$5:$D$6,0),1))),Duels!$E$5:$E$11,0)),"— none —"))))} -> 1 | I5: =IF(AND(COUNTIF(Teams!$B$5:$B$20,A5)=1,COUNTIF('Cart Pairings'!$B$5:$C$12,A5)=1),"OK","CHECK — "&COUNTIF(Teams!$B$5:$B$20,A5)&"x team, "&COUNTIF('Cart Pairings'!$B$5:$C$12,A5)&"x cart") -> OK | K5: Max index (cap) | L5: 25
A6: Joe | B6: 7.5 | C6: Established index | D6: =ROUND(MIN(B6,$L$5)*$L$6,0) -> 7 | E6: =IF(COUNTIF(Scramble!$C$5:$D$6,A6)>0,"Scramble","Individual") -> Individual | F6: {=IFERROR(INDEX(Teams!$A$5:$A$20,MATCH(A6,Teams!$B$5:$B$20,0)),"— none —")} -> Black & Decker | G6: {=IFERROR(INDEX('Cart Pairings'!$A$5:$A$12,MATCH(A6,'Cart Pairings'!$B$5:$B$12,0)),IFERROR(INDEX('Cart Pairings'!$A$5:$A$12,MATCH(A6,'Cart Pairings'!$C$5:$C$12,0)),"— none —"))} -> 2 | H6: {=IFERROR(INDEX(Duels!$A$5:$A$11,MATCH(A6,Duels!$B$5:$B$11,0)),IFERROR(INDEX(Duels!$A$5:$A$11,MATCH(A6,Duels!$E$5:$E$11,0)),IFERROR(INDEX(Duels!$A$5:$A$11,MATCH(INDEX(Scramble!$B$5:$B$6,IFERROR(MATCH(A6,Scramble!$C$5:$C$6,0),IFERROR(MATCH(A6,Scramble!$D$5:$D$6,0),1))),Duels!$B$5:$B$11,0)),IFERROR(INDEX(Duels!$A$5:$A$11,MATCH(INDEX(Scramble!$B$5:$B$6,IFERROR(MATCH(A6,Scramble!$C$5:$C$6,0),IFERROR(MATCH(A6,Scramble!$D$5:$D$6,0),1))),Duels!$E$5:$E$11,0)),"— none —"))))} -> 1 | I6: =IF(AND(COUNTIF(Teams!$B$5:$B$20,A6)=1,COUNTIF('Cart Pairings'!$B$5:$C$12,A6)=1),"OK","CHECK — "&COUNTIF(Teams!$B$5:$B$20,A6)&"x team, "&COUNTIF('Cart Pairings'!$B$5:$C$12,A6)&"x cart") -> OK | K6: Handicap allowance | L6: 0.9
A7: Tito | B7: 10.6 | C7: Established index | D7: =ROUND(MIN(B7,$L$5)*$L$6,0) -> 10 | E7: =IF(COUNTIF(Scramble!$C$5:$D$6,A7)>0,"Scramble","Individual") -> Individual | F7: {=IFERROR(INDEX(Teams!$A$5:$A$20,MATCH(A7,Teams!$B$5:$B$20,0)),"— none —")} -> Black & Decker | G7: {=IFERROR(INDEX('Cart Pairings'!$A$5:$A$12,MATCH(A7,'Cart Pairings'!$B$5:$B$12,0)),IFERROR(INDEX('Cart Pairings'!$A$5:$A$12,MATCH(A7,'Cart Pairings'!$C$5:$C$12,0)),"— none —"))} -> 2 | H7: {=IFERROR(INDEX(Duels!$A$5:$A$11,MATCH(A7,Duels!$B$5:$B$11,0)),IFERROR(INDEX(Duels!$A$5:$A$11,MATCH(A7,Duels!$E$5:$E$11,0)),IFERROR(INDEX(Duels!$A$5:$A$11,MATCH(INDEX(Scramble!$B$5:$B$6,IFERROR(MATCH(A7,Scramble!$C$5:$C$6,0),IFERROR(MATCH(A7,Scramble!$D$5:$D$6,0),1))),Duels!$B$5:$B$11,0)),IFERROR(INDEX(Duels!$A$5:$A$11,MATCH(INDEX(Scramble!$B$5:$B$6,IFERROR(MATCH(A7,Scramble!$C$5:$C$6,0),IFERROR(MATCH(A7,Scramble!$D$5:$D$6,0),1))),Duels!$E$5:$E$11,0)),"— none —"))))} -> 2 | I7: =IF(AND(COUNTIF(Teams!$B$5:$B$20,A7)=1,COUNTIF('Cart Pairings'!$B$5:$C$12,A7)=1),"OK","CHECK — "&COUNTIF(Teams!$B$5:$B$20,A7)&"x team, "&COUNTIF('Cart Pairings'!$B$5:$C$12,A7)&"x cart") -> OK | K7: Scramble allowance — low | L7: 0.35
A8: Adam | B8: 11.5 | C8: Established index | D8: =ROUND(MIN(B8,$L$5)*$L$6,0) -> 10 | E8: =IF(COUNTIF(Scramble!$C$5:$D$6,A8)>0,"Scramble","Individual") -> Individual | F8: {=IFERROR(INDEX(Teams!$A$5:$A$20,MATCH(A8,Teams!$B$5:$B$20,0)),"— none —")} -> Ryobi | G8: {=IFERROR(INDEX('Cart Pairings'!$A$5:$A$12,MATCH(A8,'Cart Pairings'!$B$5:$B$12,0)),IFERROR(INDEX('Cart Pairings'!$A$5:$A$12,MATCH(A8,'Cart Pairings'!$C$5:$C$12,0)),"— none —"))} -> 1 | H8: {=IFERROR(INDEX(Duels!$A$5:$A$11,MATCH(A8,Duels!$B$5:$B$11,0)),IFERROR(INDEX(Duels!$A$5:$A$11,MATCH(A8,Duels!$E$5:$E$11,0)),IFERROR(INDEX(Duels!$A$5:$A$11,MATCH(INDEX(Scramble!$B$5:$B$6,IFERROR(MATCH(A8,Scramble!$C$5:$C$6,0),IFERROR(MATCH(A8,Scramble!$D$5:$D$6,0),1))),Duels!$B$5:$B$11,0)),IFERROR(INDEX(Duels!$A$5:$A$11,MATCH(INDEX(Scramble!$B$5:$B$6,IFERROR(MATCH(A8,Scramble!$C$5:$C$6,0),IFERROR(MATCH(A8,Scramble!$D$5:$D$6,0),1))),Duels!$E$5:$E$11,0)),"— none —"))))} -> 2 | I8: =IF(AND(COUNTIF(Teams!$B$5:$B$20,A8)=1,COUNTIF('Cart Pairings'!$B$5:$C$12,A8)=1),"OK","CHECK — "&COUNTIF(Teams!$B$5:$B$20,A8)&"x team, "&COUNTIF('Cart Pairings'!$B$5:$C$12,A8)&"x cart") -> OK | K8: Scramble allowance — high | L8: 0.15
A9: Ron | B9: 13.4 | C9: Established index | D9: =ROUND(MIN(B9,$L$5)*$L$6,0) -> 12 | E9: =IF(COUNTIF(Scramble!$C$5:$D$6,A9)>0,"Scramble","Individual") -> Individual | F9: {=IFERROR(INDEX(Teams!$A$5:$A$20,MATCH(A9,Teams!$B$5:$B$20,0)),"— none —")} -> Black & Decker | G9: {=IFERROR(INDEX('Cart Pairings'!$A$5:$A$12,MATCH(A9,'Cart Pairings'!$B$5:$B$12,0)),IFERROR(INDEX('Cart Pairings'!$A$5:$A$12,MATCH(A9,'Cart Pairings'!$C$5:$C$12,0)),"— none —"))} -> 5 | H9: {=IFERROR(INDEX(Duels!$A$5:$A$11,MATCH(A9,Duels!$B$5:$B$11,0)),IFERROR(INDEX(Duels!$A$5:$A$11,MATCH(A9,Duels!$E$5:$E$11,0)),IFERROR(INDEX(Duels!$A$5:$A$11,MATCH(INDEX(Scramble!$B$5:$B$6,IFERROR(MATCH(A9,Scramble!$C$5:$C$6,0),IFERROR(MATCH(A9,Scramble!$D$5:$D$6,0),1))),Duels!$B$5:$B$11,0)),IFERROR(INDEX(Duels!$A$5:$A$11,MATCH(INDEX(Scramble!$B$5:$B$6,IFERROR(MATCH(A9,Scramble!$C$5:$C$6,0),IFERROR(MATCH(A9,Scramble!$D$5:$D$6,0),1))),Duels!$E$5:$E$11,0)),"— none —"))))} -> 4 | I9: =IF(AND(COUNTIF(Teams!$B$5:$B$20,A9)=1,COUNTIF('Cart Pairings'!$B$5:$C$12,A9)=1),"OK","CHECK — "&COUNTIF(Teams!$B$5:$B$20,A9)&"x team, "&COUNTIF('Cart Pairings'!$B$5:$C$12,A9)&"x cart") -> OK | K9: Course rating — Blue | L9: 71.1
A10: Meat | B10: 13.6 | C10: Established index | D10: =ROUND(MIN(B10,$L$5)*$L$6,0) -> 12 | E10: =IF(COUNTIF(Scramble!$C$5:$D$6,A10)>0,"Scramble","Individual") -> Individual | F10: {=IFERROR(INDEX(Teams!$A$5:$A$20,MATCH(A10,Teams!$B$5:$B$20,0)),"— none —")} -> Black & Decker | G10: {=IFERROR(INDEX('Cart Pairings'!$A$5:$A$12,MATCH(A10,'Cart Pairings'!$B$5:$B$12,0)),IFERROR(INDEX('Cart Pairings'!$A$5:$A$12,MATCH(A10,'Cart Pairings'!$C$5:$C$12,0)),"— none —"))} -> 3 | H10: {=IFERROR(INDEX(Duels!$A$5:$A$11,MATCH(A10,Duels!$B$5:$B$11,0)),IFERROR(INDEX(Duels!$A$5:$A$11,MATCH(A10,Duels!$E$5:$E$11,0)),IFERROR(INDEX(Duels!$A$5:$A$11,MATCH(INDEX(Scramble!$B$5:$B$6,IFERROR(MATCH(A10,Scramble!$C$5:$C$6,0),IFERROR(MATCH(A10,Scramble!$D$5:$D$6,0),1))),Duels!$B$5:$B$11,0)),IFERROR(INDEX(Duels!$A$5:$A$11,MATCH(INDEX(Scramble!$B$5:$B$6,IFERROR(MATCH(A10,Scramble!$C$5:$C$6,0),IFERROR(MATCH(A10,Scramble!$D$5:$D$6,0),1))),Duels!$E$5:$E$11,0)),"— none —"))))} -> 3 | I10: =IF(AND(COUNTIF(Teams!$B$5:$B$20,A10)=1,COUNTIF('Cart Pairings'!$B$5:$C$12,A10)=1),"OK","CHECK — "&COUNTIF(Teams!$B$5:$B$20,A10)&"x team, "&COUNTIF('Cart Pairings'!$B$5:$C$12,A10)&"x cart") -> OK | K10: Course rating — White | L10: 68.4
A11: Neels | B11: 13.9 | C11: Established index | D11: =ROUND(MIN(B11,$L$5)*$L$6,0) -> 13 | E11: =IF(COUNTIF(Scramble!$C$5:$D$6,A11)>0,"Scramble","Individual") -> Individual | F11: {=IFERROR(INDEX(Teams!$A$5:$A$20,MATCH(A11,Teams!$B$5:$B$20,0)),"— none —")} -> Ryobi | G11: {=IFERROR(INDEX('Cart Pairings'!$A$5:$A$12,MATCH(A11,'Cart Pairings'!$B$5:$B$12,0)),IFERROR(INDEX('Cart Pairings'!$A$5:$A$12,MATCH(A11,'Cart Pairings'!$C$5:$C$12,0)),"— none —"))} -> 4 | H11: {=IFERROR(INDEX(Duels!$A$5:$A$11,MATCH(A11,Duels!$B$5:$B$11,0)),IFERROR(INDEX(Duels!$A$5:$A$11,MATCH(A11,Duels!$E$5:$E$11,0)),IFERROR(INDEX(Duels!$A$5:$A$11,MATCH(INDEX(Scramble!$B$5:$B$6,IFERROR(MATCH(A11,Scramble!$C$5:$C$6,0),IFERROR(MATCH(A11,Scramble!$D$5:$D$6,0),1))),Duels!$B$5:$B$11,0)),IFERROR(INDEX(Duels!$A$5:$A$11,MATCH(INDEX(Scramble!$B$5:$B$6,IFERROR(MATCH(A11,Scramble!$C$5:$C$6,0),IFERROR(MATCH(A11,Scramble!$D$5:$D$6,0),1))),Duels!$E$5:$E$11,0)),"— none —"))))} -> 3 | I11: =IF(AND(COUNTIF(Teams!$B$5:$B$20,A11)=1,COUNTIF('Cart Pairings'!$B$5:$C$12,A11)=1),"OK","CHECK — "&COUNTIF(Teams!$B$5:$B$20,A11)&"x team, "&COUNTIF('Cart Pairings'!$B$5:$C$12,A11)&"x cart") -> OK | K11: White-tee adjustment | L11: =-ROUND($L$9-$L$10,0) -> -3
A12: Pat | B12: 14.9 | C12: Established index | D12: =ROUND(MIN(B12,$L$5)*$L$6,0) -> 13 | E12: =IF(COUNTIF(Scramble!$C$5:$D$6,A12)>0,"Scramble","Individual") -> Individual | F12: {=IFERROR(INDEX(Teams!$A$5:$A$20,MATCH(A12,Teams!$B$5:$B$20,0)),"— none —")} -> Ryobi | G12: {=IFERROR(INDEX('Cart Pairings'!$A$5:$A$12,MATCH(A12,'Cart Pairings'!$B$5:$B$12,0)),IFERROR(INDEX('Cart Pairings'!$A$5:$A$12,MATCH(A12,'Cart Pairings'!$C$5:$C$12,0)),"— none —"))} -> 6 | H12: {=IFERROR(INDEX(Duels!$A$5:$A$11,MATCH(A12,Duels!$B$5:$B$11,0)),IFERROR(INDEX(Duels!$A$5:$A$11,MATCH(A12,Duels!$E$5:$E$11,0)),IFERROR(INDEX(Duels!$A$5:$A$11,MATCH(INDEX(Scramble!$B$5:$B$6,IFERROR(MATCH(A12,Scramble!$C$5:$C$6,0),IFERROR(MATCH(A12,Scramble!$D$5:$D$6,0),1))),Duels!$B$5:$B$11,0)),IFERROR(INDEX(Duels!$A$5:$A$11,MATCH(INDEX(Scramble!$B$5:$B$6,IFERROR(MATCH(A12,Scramble!$C$5:$C$6,0),IFERROR(MATCH(A12,Scramble!$D$5:$D$6,0),1))),Duels!$E$5:$E$11,0)),"— none —"))))} -> 4 | I12: =IF(AND(COUNTIF(Teams!$B$5:$B$20,A12)=1,COUNTIF('Cart Pairings'!$B$5:$C$12,A12)=1),"OK","CHECK — "&COUNTIF(Teams!$B$5:$B$20,A12)&"x team, "&COUNTIF('Cart Pairings'!$B$5:$C$12,A12)&"x cart") -> OK | K12: Scramble pair hdcp (committee) | L12: 12
A13: Dan | B13: 18 | C13: Established index | D13: =ROUND(MIN(B13,$L$5)*$L$6,0) -> 16 | E13: =IF(COUNTIF(Scramble!$C$5:$D$6,A13)>0,"Scramble","Individual") -> Individual | F13: {=IFERROR(INDEX(Teams!$A$5:$A$20,MATCH(A13,Teams!$B$5:$B$20,0)),"— none —")} -> Ryobi | G13: {=IFERROR(INDEX('Cart Pairings'!$A$5:$A$12,MATCH(A13,'Cart Pairings'!$B$5:$B$12,0)),IFERROR(INDEX('Cart Pairings'!$A$5:$A$12,MATCH(A13,'Cart Pairings'!$C$5:$C$12,0)),"— none —"))} -> 3 | H13: {=IFERROR(INDEX(Duels!$A$5:$A$11,MATCH(A13,Duels!$B$5:$B$11,0)),IFERROR(INDEX(Duels!$A$5:$A$11,MATCH(A13,Duels!$E$5:$E$11,0)),IFERROR(INDEX(Duels!$A$5:$A$11,MATCH(INDEX(Scramble!$B$5:$B$6,IFERROR(MATCH(A13,Scramble!$C$5:$C$6,0),IFERROR(MATCH(A13,Scramble!$D$5:$D$6,0),1))),Duels!$B$5:$B$11,0)),IFERROR(INDEX(Duels!$A$5:$A$11,MATCH(INDEX(Scramble!$B$5:$B$6,IFERROR(MATCH(A13,Scramble!$C$5:$C$6,0),IFERROR(MATCH(A13,Scramble!$D$5:$D$6,0),1))),Duels!$E$5:$E$11,0)),"— none —"))))} -> 5 | I13: =IF(AND(COUNTIF(Teams!$B$5:$B$20,A13)=1,COUNTIF('Cart Pairings'!$B$5:$C$12,A13)=1),"OK","CHECK — "&COUNTIF(Teams!$B$5:$B$20,A13)&"x team, "&COUNTIF('Cart Pairings'!$B$5:$C$12,A13)&"x cart") -> OK | K13: • Status turns red if a player is on two teams, two carts, or left out entirely.
A14: Latex | B14: 19 | C14: Established index | D14: =ROUND(MIN(B14,$L$5)*$L$6,0) -> 17 | E14: =IF(COUNTIF(Scramble!$C$5:$D$6,A14)>0,"Scramble","Individual") -> Individual | F14: {=IFERROR(INDEX(Teams!$A$5:$A$20,MATCH(A14,Teams!$B$5:$B$20,0)),"— none —")} -> Black & Decker | G14: {=IFERROR(INDEX('Cart Pairings'!$A$5:$A$12,MATCH(A14,'Cart Pairings'!$B$5:$B$12,0)),IFERROR(INDEX('Cart Pairings'!$A$5:$A$12,MATCH(A14,'Cart Pairings'!$C$5:$C$12,0)),"— none —"))} -> 5 | H14: {=IFERROR(INDEX(Duels!$A$5:$A$11,MATCH(A14,Duels!$B$5:$B$11,0)),IFERROR(INDEX(Duels!$A$5:$A$11,MATCH(A14,Duels!$E$5:$E$11,0)),IFERROR(INDEX(Duels!$A$5:$A$11,MATCH(INDEX(Scramble!$B$5:$B$6,IFERROR(MATCH(A14,Scramble!$C$5:$C$6,0),IFERROR(MATCH(A14,Scramble!$D$5:$D$6,0),1))),Duels!$B$5:$B$11,0)),IFERROR(INDEX(Duels!$A$5:$A$11,MATCH(INDEX(Scramble!$B$5:$B$6,IFERROR(MATCH(A14,Scramble!$C$5:$C$6,0),IFERROR(MATCH(A14,Scramble!$D$5:$D$6,0),1))),Duels!$E$5:$E$11,0)),"— none —"))))} -> 5 | I14: =IF(AND(COUNTIF(Teams!$B$5:$B$20,A14)=1,COUNTIF('Cart Pairings'!$B$5:$C$12,A14)=1),"OK","CHECK — "&COUNTIF(Teams!$B$5:$B$20,A14)&"x team, "&COUNTIF('Cart Pairings'!$B$5:$C$12,A14)&"x cart") -> OK | K14: • Estimating an unrated player: honest 18-hole score, minus 72, minus 3–4 more. Cap applies.
A15: Toe | B15: 23 | C15: Established index | D15: =ROUND(MIN(B15,$L$5)*$L$6,0) -> 21 | E15: =IF(COUNTIF(Scramble!$C$5:$D$6,A15)>0,"Scramble","Individual") -> Individual | F15: {=IFERROR(INDEX(Teams!$A$5:$A$20,MATCH(A15,Teams!$B$5:$B$20,0)),"— none —")} -> Black & Decker | G15: {=IFERROR(INDEX('Cart Pairings'!$A$5:$A$12,MATCH(A15,'Cart Pairings'!$B$5:$B$12,0)),IFERROR(INDEX('Cart Pairings'!$A$5:$A$12,MATCH(A15,'Cart Pairings'!$C$5:$C$12,0)),"— none —"))} -> 4 | H15: {=IFERROR(INDEX(Duels!$A$5:$A$11,MATCH(A15,Duels!$B$5:$B$11,0)),IFERROR(INDEX(Duels!$A$5:$A$11,MATCH(A15,Duels!$E$5:$E$11,0)),IFERROR(INDEX(Duels!$A$5:$A$11,MATCH(INDEX(Scramble!$B$5:$B$6,IFERROR(MATCH(A15,Scramble!$C$5:$C$6,0),IFERROR(MATCH(A15,Scramble!$D$5:$D$6,0),1))),Duels!$B$5:$B$11,0)),IFERROR(INDEX(Duels!$A$5:$A$11,MATCH(INDEX(Scramble!$B$5:$B$6,IFERROR(MATCH(A15,Scramble!$C$5:$C$6,0),IFERROR(MATCH(A15,Scramble!$D$5:$D$6,0),1))),Duels!$E$5:$E$11,0)),"— none —"))))} -> 6 | I15: =IF(AND(COUNTIF(Teams!$B$5:$B$20,A15)=1,COUNTIF('Cart Pairings'!$B$5:$C$12,A15)=1),"OK","CHECK — "&COUNTIF(Teams!$B$5:$B$20,A15)&"x team, "&COUNTIF('Cart Pairings'!$B$5:$C$12,A15)&"x cart") -> OK
A16: String | B16: 25 | C16: ESTIMATE — committee | D16: =ROUND(MIN(B16,$L$5)*$L$6,0) -> 23 | E16: =IF(COUNTIF(Scramble!$C$5:$D$6,A16)>0,"Scramble","Individual") -> Scramble | F16: {=IFERROR(INDEX(Teams!$A$5:$A$20,MATCH(A16,Teams!$B$5:$B$20,0)),"— none —")} -> Ryobi | G16: {=IFERROR(INDEX('Cart Pairings'!$A$5:$A$12,MATCH(A16,'Cart Pairings'!$B$5:$B$12,0)),IFERROR(INDEX('Cart Pairings'!$A$5:$A$12,MATCH(A16,'Cart Pairings'!$C$5:$C$12,0)),"— none —"))} -> 7 | H16: {=IFERROR(INDEX(Duels!$A$5:$A$11,MATCH(A16,Duels!$B$5:$B$11,0)),IFERROR(INDEX(Duels!$A$5:$A$11,MATCH(A16,Duels!$E$5:$E$11,0)),IFERROR(INDEX(Duels!$A$5:$A$11,MATCH(INDEX(Scramble!$B$5:$B$6,IFERROR(MATCH(A16,Scramble!$C$5:$C$6,0),IFERROR(MATCH(A16,Scramble!$D$5:$D$6,0),1))),Duels!$B$5:$B$11,0)),IFERROR(INDEX(Duels!$A$5:$A$11,MATCH(INDEX(Scramble!$B$5:$B$6,IFERROR(MATCH(A16,Scramble!$C$5:$C$6,0),IFERROR(MATCH(A16,Scramble!$D$5:$D$6,0),1))),Duels!$E$5:$E$11,0)),"— none —"))))} -> 7 | I16: =IF(AND(COUNTIF(Teams!$B$5:$B$20,A16)=1,COUNTIF('Cart Pairings'!$B$5:$C$12,A16)=1),"OK","CHECK — "&COUNTIF(Teams!$B$5:$B$20,A16)&"x team, "&COUNTIF('Cart Pairings'!$B$5:$C$12,A16)&"x cart") -> OK | K16: Out / alternates
A17: Hulk | B17: 25 | C17: ESTIMATE — committee | D17: =ROUND(MIN(B17,$L$5)*$L$6,0) -> 23 | E17: =IF(COUNTIF(Scramble!$C$5:$D$6,A17)>0,"Scramble","Individual") -> Scramble | F17: {=IFERROR(INDEX(Teams!$A$5:$A$20,MATCH(A17,Teams!$B$5:$B$20,0)),"— none —")} -> Black & Decker | G17: {=IFERROR(INDEX('Cart Pairings'!$A$5:$A$12,MATCH(A17,'Cart Pairings'!$B$5:$B$12,0)),IFERROR(INDEX('Cart Pairings'!$A$5:$A$12,MATCH(A17,'Cart Pairings'!$C$5:$C$12,0)),"— none —"))} -> 8 | H17: {=IFERROR(INDEX(Duels!$A$5:$A$11,MATCH(A17,Duels!$B$5:$B$11,0)),IFERROR(INDEX(Duels!$A$5:$A$11,MATCH(A17,Duels!$E$5:$E$11,0)),IFERROR(INDEX(Duels!$A$5:$A$11,MATCH(INDEX(Scramble!$B$5:$B$6,IFERROR(MATCH(A17,Scramble!$C$5:$C$6,0),IFERROR(MATCH(A17,Scramble!$D$5:$D$6,0),1))),Duels!$B$5:$B$11,0)),IFERROR(INDEX(Duels!$A$5:$A$11,MATCH(INDEX(Scramble!$B$5:$B$6,IFERROR(MATCH(A17,Scramble!$C$5:$C$6,0),IFERROR(MATCH(A17,Scramble!$D$5:$D$6,0),1))),Duels!$E$5:$E$11,0)),"— none —"))))} -> 7 | I17: =IF(AND(COUNTIF(Teams!$B$5:$B$20,A17)=1,COUNTIF('Cart Pairings'!$B$5:$C$12,A17)=1),"OK","CHECK — "&COUNTIF(Teams!$B$5:$B$20,A17)&"x team, "&COUNTIF('Cart Pairings'!$B$5:$C$12,A17)&"x cart") -> OK | K17: • Milo — 25.0 est., OUT pending knee. Adam is the replacement at 11.5.
A18: Rat | B18: 25 | C18: ESTIMATE — committee | D18: =ROUND(MIN(B18,$L$5)*$L$6,0) -> 23 | E18: =IF(COUNTIF(Scramble!$C$5:$D$6,A18)>0,"Scramble","Individual") -> Scramble | F18: {=IFERROR(INDEX(Teams!$A$5:$A$20,MATCH(A18,Teams!$B$5:$B$20,0)),"— none —")} -> Black & Decker | G18: {=IFERROR(INDEX('Cart Pairings'!$A$5:$A$12,MATCH(A18,'Cart Pairings'!$B$5:$B$12,0)),IFERROR(INDEX('Cart Pairings'!$A$5:$A$12,MATCH(A18,'Cart Pairings'!$C$5:$C$12,0)),"— none —"))} -> 8 | H18: {=IFERROR(INDEX(Duels!$A$5:$A$11,MATCH(A18,Duels!$B$5:$B$11,0)),IFERROR(INDEX(Duels!$A$5:$A$11,MATCH(A18,Duels!$E$5:$E$11,0)),IFERROR(INDEX(Duels!$A$5:$A$11,MATCH(INDEX(Scramble!$B$5:$B$6,IFERROR(MATCH(A18,Scramble!$C$5:$C$6,0),IFERROR(MATCH(A18,Scramble!$D$5:$D$6,0),1))),Duels!$B$5:$B$11,0)),IFERROR(INDEX(Duels!$A$5:$A$11,MATCH(INDEX(Scramble!$B$5:$B$6,IFERROR(MATCH(A18,Scramble!$C$5:$C$6,0),IFERROR(MATCH(A18,Scramble!$D$5:$D$6,0),1))),Duels!$E$5:$E$11,0)),"— none —"))))} -> 7 | I18: =IF(AND(COUNTIF(Teams!$B$5:$B$20,A18)=1,COUNTIF('Cart Pairings'!$B$5:$C$12,A18)=1),"OK","CHECK — "&COUNTIF(Teams!$B$5:$B$20,A18)&"x team, "&COUNTIF('Cart Pairings'!$B$5:$C$12,A18)&"x cart") -> OK | K18: • Adam and Milo are mutually exclusive. The field is 16 either way.
A19: Landon | B19: 25 | C19: ESTIMATE — committee | D19: =ROUND(MIN(B19,$L$5)*$L$6,0) -> 23 | E19: =IF(COUNTIF(Scramble!$C$5:$D$6,A19)>0,"Scramble","Individual") -> Individual | F19: {=IFERROR(INDEX(Teams!$A$5:$A$20,MATCH(A19,Teams!$B$5:$B$20,0)),"— none —")} -> Ryobi | G19: {=IFERROR(INDEX('Cart Pairings'!$A$5:$A$12,MATCH(A19,'Cart Pairings'!$B$5:$B$12,0)),IFERROR(INDEX('Cart Pairings'!$A$5:$A$12,MATCH(A19,'Cart Pairings'!$C$5:$C$12,0)),"— none —"))} -> 6 | H19: {=IFERROR(INDEX(Duels!$A$5:$A$11,MATCH(A19,Duels!$B$5:$B$11,0)),IFERROR(INDEX(Duels!$A$5:$A$11,MATCH(A19,Duels!$E$5:$E$11,0)),IFERROR(INDEX(Duels!$A$5:$A$11,MATCH(INDEX(Scramble!$B$5:$B$6,IFERROR(MATCH(A19,Scramble!$C$5:$C$6,0),IFERROR(MATCH(A19,Scramble!$D$5:$D$6,0),1))),Duels!$B$5:$B$11,0)),IFERROR(INDEX(Duels!$A$5:$A$11,MATCH(INDEX(Scramble!$B$5:$B$6,IFERROR(MATCH(A19,Scramble!$C$5:$C$6,0),IFERROR(MATCH(A19,Scramble!$D$5:$D$6,0),1))),Duels!$E$5:$E$11,0)),"— none —"))))} -> 6 | I19: =IF(AND(COUNTIF(Teams!$B$5:$B$20,A19)=1,COUNTIF('Cart Pairings'!$B$5:$C$12,A19)=1),"OK","CHECK — "&COUNTIF(Teams!$B$5:$B$20,A19)&"x team, "&COUNTIF('Cart Pairings'!$B$5:$C$12,A19)&"x cart") -> OK
A20: Terb | B20: 25 | C20: ESTIMATE — committee | D20: =ROUND(MIN(B20,$L$5)*$L$6,0) -> 23 | E20: =IF(COUNTIF(Scramble!$C$5:$D$6,A20)>0,"Scramble","Individual") -> Scramble | F20: {=IFERROR(INDEX(Teams!$A$5:$A$20,MATCH(A20,Teams!$B$5:$B$20,0)),"— none —")} -> Ryobi | G20: {=IFERROR(INDEX('Cart Pairings'!$A$5:$A$12,MATCH(A20,'Cart Pairings'!$B$5:$B$12,0)),IFERROR(INDEX('Cart Pairings'!$A$5:$A$12,MATCH(A20,'Cart Pairings'!$C$5:$C$12,0)),"— none —"))} -> 7 | H20: {=IFERROR(INDEX(Duels!$A$5:$A$11,MATCH(A20,Duels!$B$5:$B$11,0)),IFERROR(INDEX(Duels!$A$5:$A$11,MATCH(A20,Duels!$E$5:$E$11,0)),IFERROR(INDEX(Duels!$A$5:$A$11,MATCH(INDEX(Scramble!$B$5:$B$6,IFERROR(MATCH(A20,Scramble!$C$5:$C$6,0),IFERROR(MATCH(A20,Scramble!$D$5:$D$6,0),1))),Duels!$B$5:$B$11,0)),IFERROR(INDEX(Duels!$A$5:$A$11,MATCH(INDEX(Scramble!$B$5:$B$6,IFERROR(MATCH(A20,Scramble!$C$5:$C$6,0),IFERROR(MATCH(A20,Scramble!$D$5:$D$6,0),1))),Duels!$E$5:$E$11,0)),"— none —"))))} -> 7 | I20: =IF(AND(COUNTIF(Teams!$B$5:$B$20,A20)=1,COUNTIF('Cart Pairings'!$B$5:$C$12,A20)=1),"OK","CHECK — "&COUNTIF(Teams!$B$5:$B$20,A20)&"x team, "&COUNTIF('Cart Pairings'!$B$5:$C$12,A20)&"x cart") -> OK

Sheet Teams
A1: Teams — Ryobi vs Black & Decker
A2: Two 8-man teams. Six men play individual net stroke play; two play as a 2-man scramble pair. Change a name in the shaded column and its handicap follows. Watch the spread box on the right.
A4: Team | B4: Golfer | C4: Index | D4: Playing Hdcp | E4: Plays As | G4: Team | H4: Players | I4: Individual Net Scores | J4: Individual Strokes | K4: Scramble Pair Strokes | L4: Total Strokes Given | N4: key (auto)
A5: Ryobi | B5: Jipp | C5: {=IFERROR(INDEX('Players & Hdcp'!$B$5:$B$20,MATCH(B5,'Players & Hdcp'!$A$5:$A$20,0)),"")} -> 3.2 | D5: {=IFERROR(INDEX('Players & Hdcp'!$D$5:$D$20,MATCH(B5,'Players & Hdcp'!$A$5:$A$20,0)),"")} -> 3 | E5: =IF(COUNTIF(Scramble!$C$5:$D$6,B5)>0,"Scramble","Individual") -> Individual | G5: Ryobi | H5: =COUNTIFS($A$5:$A$20,$G5,$B$5:$B$20,"<>") -> 8 | I5: =COUNTIFS($A$5:$A$20,$G5,$E$5:$E$20,"Individual") -> 6 | J5: =SUMIFS($D$5:$D$20,$A$5:$A$20,$G5,$E$5:$E$20,"Individual") -> 78 | K5: =SUMIF(Scramble!$F$5:$F$6,$G5,Scramble!$G$5:$G$6) -> 12 | L5: =J5+K5 -> 90 | N5: =IF(B5="","",IF(E5="Individual",A5&"-"&COUNTIFS($A$5:$A5,A5,$E$5:$E5,"Individual"),"")) -> Ryobi-1
A6: Ryobi | B6: Adam | C6: {=IFERROR(INDEX('Players & Hdcp'!$B$5:$B$20,MATCH(B6,'Players & Hdcp'!$A$5:$A$20,0)),"")} -> 11.5 | D6: {=IFERROR(INDEX('Players & Hdcp'!$D$5:$D$20,MATCH(B6,'Players & Hdcp'!$A$5:$A$20,0)),"")} -> 10 | E6: =IF(COUNTIF(Scramble!$C$5:$D$6,B6)>0,"Scramble","Individual") -> Individual | G6: Black & Decker | H6: =COUNTIFS($A$5:$A$20,$G6,$B$5:$B$20,"<>") -> 8 | I6: =COUNTIFS($A$5:$A$20,$G6,$E$5:$E$20,"Individual") -> 6 | J6: =SUMIFS($D$5:$D$20,$A$5:$A$20,$G6,$E$5:$E$20,"Individual") -> 79 | K6: =SUMIF(Scramble!$F$5:$F$6,$G6,Scramble!$G$5:$G$6) -> 12 | L6: =J6+K6 -> 91 | N6: =IF(B6="","",IF(E6="Individual",A6&"-"&COUNTIFS($A$5:$A6,A6,$E$5:$E6,"Individual"),"")) -> Ryobi-2
A7: Ryobi | B7: Neels | C7: {=IFERROR(INDEX('Players & Hdcp'!$B$5:$B$20,MATCH(B7,'Players & Hdcp'!$A$5:$A$20,0)),"")} -> 13.9 | D7: {=IFERROR(INDEX('Players & Hdcp'!$D$5:$D$20,MATCH(B7,'Players & Hdcp'!$A$5:$A$20,0)),"")} -> 13 | E7: =IF(COUNTIF(Scramble!$C$5:$D$6,B7)>0,"Scramble","Individual") -> Individual | N7: =IF(B7="","",IF(E7="Individual",A7&"-"&COUNTIFS($A$5:$A7,A7,$E$5:$E7,"Individual"),"")) -> Ryobi-3
A8: Ryobi | B8: Pat | C8: {=IFERROR(INDEX('Players & Hdcp'!$B$5:$B$20,MATCH(B8,'Players & Hdcp'!$A$5:$A$20,0)),"")} -> 14.9 | D8: {=IFERROR(INDEX('Players & Hdcp'!$D$5:$D$20,MATCH(B8,'Players & Hdcp'!$A$5:$A$20,0)),"")} -> 13 | E8: =IF(COUNTIF(Scramble!$C$5:$D$6,B8)>0,"Scramble","Individual") -> Individual | G8: Spread (Ryobi − B&D) | L8: =L5-L6 -> -1 | N8: =IF(B8="","",IF(E8="Individual",A8&"-"&COUNTIFS($A$5:$A8,A8,$E$5:$E8,"Individual"),"")) -> Ryobi-4
A9: Ryobi | B9: Dan | C9: {=IFERROR(INDEX('Players & Hdcp'!$B$5:$B$20,MATCH(B9,'Players & Hdcp'!$A$5:$A$20,0)),"")} -> 18 | D9: {=IFERROR(INDEX('Players & Hdcp'!$D$5:$D$20,MATCH(B9,'Players & Hdcp'!$A$5:$A$20,0)),"")} -> 16 | E9: =IF(COUNTIF(Scramble!$C$5:$D$6,B9)>0,"Scramble","Individual") -> Individual | G9: Inside ±2 strokes is a fair fight. | N9: =IF(B9="","",IF(E9="Individual",A9&"-"&COUNTIFS($A$5:$A9,A9,$E$5:$E9,"Individual"),"")) -> Ryobi-5
A10: Ryobi | B10: Landon | C10: {=IFERROR(INDEX('Players & Hdcp'!$B$5:$B$20,MATCH(B10,'Players & Hdcp'!$A$5:$A$20,0)),"")} -> 25 | D10: {=IFERROR(INDEX('Players & Hdcp'!$D$5:$D$20,MATCH(B10,'Players & Hdcp'!$A$5:$A$20,0)),"")} -> 23 | E10: =IF(COUNTIF(Scramble!$C$5:$D$6,B10)>0,"Scramble","Individual") -> Individual | N10: =IF(B10="","",IF(E10="Individual",A10&"-"&COUNTIFS($A$5:$A10,A10,$E$5:$E10,"Individual"),"")) -> Ryobi-6
A11: Ryobi | B11: String | C11: {=IFERROR(INDEX('Players & Hdcp'!$B$5:$B$20,MATCH(B11,'Players & Hdcp'!$A$5:$A$20,0)),"")} -> 25 | D11: {=IFERROR(INDEX('Players & Hdcp'!$D$5:$D$20,MATCH(B11,'Players & Hdcp'!$A$5:$A$20,0)),"")} -> 23 | E11: =IF(COUNTIF(Scramble!$C$5:$D$6,B11)>0,"Scramble","Individual") -> Scramble | N11: =IF(B11="","",IF(E11="Individual",A11&"-"&COUNTIFS($A$5:$A11,A11,$E$5:$E11,"Individual"),""))
A12: Ryobi | B12: Terb | C12: {=IFERROR(INDEX('Players & Hdcp'!$B$5:$B$20,MATCH(B12,'Players & Hdcp'!$A$5:$A$20,0)),"")} -> 25 | D12: {=IFERROR(INDEX('Players & Hdcp'!$D$5:$D$20,MATCH(B12,'Players & Hdcp'!$A$5:$A$20,0)),"")} -> 23 | E12: =IF(COUNTIF(Scramble!$C$5:$D$6,B12)>0,"Scramble","Individual") -> Scramble | N12: =IF(B12="","",IF(E12="Individual",A12&"-"&COUNTIFS($A$5:$A12,A12,$E$5:$E12,"Individual"),""))
A13: Black & Decker | B13: Joe | C13: {=IFERROR(INDEX('Players & Hdcp'!$B$5:$B$20,MATCH(B13,'Players & Hdcp'!$A$5:$A$20,0)),"")} -> 7.5 | D13: {=IFERROR(INDEX('Players & Hdcp'!$D$5:$D$20,MATCH(B13,'Players & Hdcp'!$A$5:$A$20,0)),"")} -> 7 | E13: =IF(COUNTIF(Scramble!$C$5:$D$6,B13)>0,"Scramble","Individual") -> Individual | N13: =IF(B13="","",IF(E13="Individual",A13&"-"&COUNTIFS($A$5:$A13,A13,$E$5:$E13,"Individual"),"")) -> Black & Decker-1
A14: Black & Decker | B14: Tito | C14: {=IFERROR(INDEX('Players & Hdcp'!$B$5:$B$20,MATCH(B14,'Players & Hdcp'!$A$5:$A$20,0)),"")} -> 10.6 | D14: {=IFERROR(INDEX('Players & Hdcp'!$D$5:$D$20,MATCH(B14,'Players & Hdcp'!$A$5:$A$20,0)),"")} -> 10 | E14: =IF(COUNTIF(Scramble!$C$5:$D$6,B14)>0,"Scramble","Individual") -> Individual | N14: =IF(B14="","",IF(E14="Individual",A14&"-"&COUNTIFS($A$5:$A14,A14,$E$5:$E14,"Individual"),"")) -> Black & Decker-2
A15: Black & Decker | B15: Meat | C15: {=IFERROR(INDEX('Players & Hdcp'!$B$5:$B$20,MATCH(B15,'Players & Hdcp'!$A$5:$A$20,0)),"")} -> 13.6 | D15: {=IFERROR(INDEX('Players & Hdcp'!$D$5:$D$20,MATCH(B15,'Players & Hdcp'!$A$5:$A$20,0)),"")} -> 12 | E15: =IF(COUNTIF(Scramble!$C$5:$D$6,B15)>0,"Scramble","Individual") -> Individual | N15: =IF(B15="","",IF(E15="Individual",A15&"-"&COUNTIFS($A$5:$A15,A15,$E$5:$E15,"Individual"),"")) -> Black & Decker-3
A16: Black & Decker | B16: Ron | C16: {=IFERROR(INDEX('Players & Hdcp'!$B$5:$B$20,MATCH(B16,'Players & Hdcp'!$A$5:$A$20,0)),"")} -> 13.4 | D16: {=IFERROR(INDEX('Players & Hdcp'!$D$5:$D$20,MATCH(B16,'Players & Hdcp'!$A$5:$A$20,0)),"")} -> 12 | E16: =IF(COUNTIF(Scramble!$C$5:$D$6,B16)>0,"Scramble","Individual") -> Individual | N16: =IF(B16="","",IF(E16="Individual",A16&"-"&COUNTIFS($A$5:$A16,A16,$E$5:$E16,"Individual"),"")) -> Black & Decker-4
A17: Black & Decker | B17: Latex | C17: {=IFERROR(INDEX('Players & Hdcp'!$B$5:$B$20,MATCH(B17,'Players & Hdcp'!$A$5:$A$20,0)),"")} -> 19 | D17: {=IFERROR(INDEX('Players & Hdcp'!$D$5:$D$20,MATCH(B17,'Players & Hdcp'!$A$5:$A$20,0)),"")} -> 17 | E17: =IF(COUNTIF(Scramble!$C$5:$D$6,B17)>0,"Scramble","Individual") -> Individual | N17: =IF(B17="","",IF(E17="Individual",A17&"-"&COUNTIFS($A$5:$A17,A17,$E$5:$E17,"Individual"),"")) -> Black & Decker-5
A18: Black & Decker | B18: Toe | C18: {=IFERROR(INDEX('Players & Hdcp'!$B$5:$B$20,MATCH(B18,'Players & Hdcp'!$A$5:$A$20,0)),"")} -> 23 | D18: {=IFERROR(INDEX('Players & Hdcp'!$D$5:$D$20,MATCH(B18,'Players & Hdcp'!$A$5:$A$20,0)),"")} -> 21 | E18: =IF(COUNTIF(Scramble!$C$5:$D$6,B18)>0,"Scramble","Individual") -> Individual | N18: =IF(B18="","",IF(E18="Individual",A18&"-"&COUNTIFS($A$5:$A18,A18,$E$5:$E18,"Individual"),"")) -> Black & Decker-6
A19: Black & Decker | B19: Hulk | C19: {=IFERROR(INDEX('Players & Hdcp'!$B$5:$B$20,MATCH(B19,'Players & Hdcp'!$A$5:$A$20,0)),"")} -> 25 | D19: {=IFERROR(INDEX('Players & Hdcp'!$D$5:$D$20,MATCH(B19,'Players & Hdcp'!$A$5:$A$20,0)),"")} -> 23 | E19: =IF(COUNTIF(Scramble!$C$5:$D$6,B19)>0,"Scramble","Individual") -> Scramble | N19: =IF(B19="","",IF(E19="Individual",A19&"-"&COUNTIFS($A$5:$A19,A19,$E$5:$E19,"Individual"),""))
A20: Black & Decker | B20: Rat | C20: {=IFERROR(INDEX('Players & Hdcp'!$B$5:$B$20,MATCH(B20,'Players & Hdcp'!$A$5:$A$20,0)),"")} -> 25 | D20: {=IFERROR(INDEX('Players & Hdcp'!$D$5:$D$20,MATCH(B20,'Players & Hdcp'!$A$5:$A$20,0)),"")} -> 23 | E20: =IF(COUNTIF(Scramble!$C$5:$D$6,B20)>0,"Scramble","Individual") -> Scramble | N20: =IF(B20="","",IF(E20="Individual",A20&"-"&COUNTIFS($A$5:$A20,A20,$E$5:$E20,"Individual"),""))

Sheet Scramble
A1: Scramble Pairs
A2: Two 2-man scramble pairs, one per team. They play one ball; that ball is a single scoring unit for their team and it is also its own head-to-head match against the other pair.
A4: Pair # | B4: Pair Name | C4: Player 1 | D4: Player 2 | E4: Hdcps | F4: Team | G4: Pair Playing Hdcp | H4: Notes | I4: Tee | J4: Formula would say
A5: 1 | B5: Ryobi Scramble | C5: String | D5: Terb | E5: {=IFERROR(INDEX('Players & Hdcp'!$D$5:$D$20,MATCH(C5,'Players & Hdcp'!$A$5:$A$20,0)),0)&" / "&IFERROR(INDEX('Players & Hdcp'!$D$5:$D$20,MATCH(D5,'Players & Hdcp'!$A$5:$A$20,0)),0)} -> 23 / 23 | F5: Ryobi | G5: ='Players & Hdcp'!$L$12 -> 12 | H5: Committee number. Formula-derived figure shown at right for reference. | I5: White | J5: =ROUND('Players & Hdcp'!$L$7*MIN(IFERROR(INDEX('Players & Hdcp'!$D$5:$D$20,MATCH(C5,'Players & Hdcp'!$A$5:$A$20,0)),0),IFERROR(INDEX('Players & Hdcp'!$D$5:$D$20,MATCH(D5,'Players & Hdcp'!$A$5:$A$20,0)),0))+'Players & Hdcp'!$L$8*MAX(IFERROR(INDEX('Players & Hdcp'!$D$5:$D$20,MATCH(C5,'Players & Hdcp'!$A$5:$A$20,0)),0),IFERROR(INDEX('Players & Hdcp'!$D$5:$D$20,MATCH(D5,'Players & Hdcp'!$A$5:$A$20,0)),0))+0.000001,0)+'Players & Hdcp'!$L$11 -> 9
A6: 2 | B6: B&D Scramble | C6: Rat | D6: Hulk | E6: {=IFERROR(INDEX('Players & Hdcp'!$D$5:$D$20,MATCH(C6,'Players & Hdcp'!$A$5:$A$20,0)),0)&" / "&IFERROR(INDEX('Players & Hdcp'!$D$5:$D$20,MATCH(D6,'Players & Hdcp'!$A$5:$A$20,0)),0)} -> 23 / 23 | F6: Black & Decker | G6: ='Players & Hdcp'!$L$12 -> 12 | H6: Committee number. Formula-derived figure shown at right for reference. | I6: White | J6: =ROUND('Players & Hdcp'!$L$7*MIN(IFERROR(INDEX('Players & Hdcp'!$D$5:$D$20,MATCH(C6,'Players & Hdcp'!$A$5:$A$20,0)),0),IFERROR(INDEX('Players & Hdcp'!$D$5:$D$20,MATCH(D6,'Players & Hdcp'!$A$5:$A$20,0)),0))+'Players & Hdcp'!$L$8*MAX(IFERROR(INDEX('Players & Hdcp'!$D$5:$D$20,MATCH(C6,'Players & Hdcp'!$A$5:$A$20,0)),0),IFERROR(INDEX('Players & Hdcp'!$D$5:$D$20,MATCH(D6,'Players & Hdcp'!$A$5:$A$20,0)),0))+0.000001,0)+'Players & Hdcp'!$L$11 -> 9
A9: Why the pair does not get 23 strokes
A10: • Two 23-handicaps scrambling typically shoot 8–10 shots better than either man alone.
A11: • Giving the pair a full 23 would hand its team roughly ten free strokes.
A12: • The 35/15 allowance is the accepted formula and lands the pair around a 12 — competitive, not cartoonish.
A13: • Both allowance figures live on the Players & Hdcp tab (yellow cells) if you want to loosen them.
A15: Why the number is pinned
A16: • Two 23s give 0.35 x 23 + 0.15 x 23 = exactly 11.5 — dead on a rounding boundary.
A17: • Excel rounds that to 12. LibreOffice's floating point lands on 11. Same file, two different answers.
A18: • The formula now nudges by a millionth of a stroke so every program returns 12. Hardcode 12 in the scoreboard.
A20: The pair handicap is a committee number
A21: • Set to 12 by the committee. Change it in one yellow cell on the Players & Hdcp tab and every tab follows.
A22: • For reference, the formula route: 35% of low + 15% of high = 12, less 3 for the White tees = 9.
... A25: • Both pairs carry the same number, so duel 7 is dead even regardless. Hardcode 12 in the scoreboard.

Sheet Duels
A1: The Duel Card — head-to-head, all day
A2: Every man has one opponent on the other team. Low net over 18 wins. Strokes are the difference in playing handicaps, taken on the lowest-index holes. Side money is between the two of you — the committee holds none of it. Carts no longer follow the duels, so watch the Same Group column: SPLIT means those two men never see each other swing a club.
A4: Duel # | B4: Team Ryobi | C4: Hdcp | D4: vs | E4: Black & Decker | F4: Hdcp | G4: Strokes | H4: Given To | I4: Format | J4: Side Wager | K4: Winner | L4: Ryobi Grp | M4: B&D Grp | N4: Same Group?
A5: 1 | B5: Jipp | C5: {=IFERROR(INDEX('Players & Hdcp'!$D$5:$D$20,MATCH(B5,'Players & Hdcp'!$A$5:$A$20,0)),IFERROR(INDEX(Scramble!$G$5:$G$6,MATCH(B5,Scramble!$B$5:$B$6,0)),""))} -> 3 | D5: vs | E5: Joe | F5: {=IFERROR(INDEX('Players & Hdcp'!$D$5:$D$20,MATCH(E5,'Players & Hdcp'!$A$5:$A$20,0)),IFERROR(INDEX(Scramble!$G$5:$G$6,MATCH(E5,Scramble!$B$5:$B$6,0)),""))} -> 7 | G5: =IFERROR(ABS(C5-F5),"") -> 4 | H5: =IF(C5=F5,"— none —",IF(C5>F5,B5,E5)) -> Joe | I5: Singles | L5: =IFERROR(INDEX('Cart Pairings'!$J$5:$J$12,MATCH(IF(COUNTIF(Scramble!$B$5:$B$6,B5)>0,INDEX(Scramble!$C$5:$C$6,MATCH(B5,Scramble!$B$5:$B$6,0)),B5),'Cart Pairings'!$B$5:$B$12,0)),IFERROR(INDEX('Cart Pairings'!$J$5:$J$12,MATCH(IF(COUNTIF(Scramble!$B$5:$B$6,B5)>0,INDEX(Scramble!$C$5:$C$6,MATCH(B5,Scramble!$B$5:$B$6,0)),B5),'Cart Pairings'!$C$5:$C$12,0)),"?")) -> A | M5: =IFERROR(INDEX('Cart Pairings'!$J$5:$J$12,MATCH(IF(COUNTIF(Scramble!$B$5:$B$6,E5)>0,INDEX(Scramble!$C$5:$C$6,MATCH(E5,Scramble!$B$5:$B$6,0)),E5),'Cart Pairings'!$B$5:$B$12,0)),IFERROR(INDEX('Cart Pairings'!$J$5:$J$12,MATCH(IF(COUNTIF(Scramble!$B$5:$B$6,E5)>0,INDEX(Scramble!$C$5:$C$6,MATCH(E5,Scramble!$B$5:$B$6,0)),E5),'Cart Pairings'!$C$5:$C$12,0)),"?")) -> A | N5: =IF(L5=M5,"together","SPLIT") -> together
A6: 2 | B6: Adam | C6: {=IFERROR(INDEX('Players & Hdcp'!$D$5:$D$20,MATCH(B6,'Players & Hdcp'!$A$5:$A$20,0)),IFERROR(INDEX(Scramble!$G$5:$G$6,MATCH(B6,Scramble!$B$5:$B$6,0)),""))} -> 10 | D6: vs | E6: Tito | F6: {=IFERROR(INDEX('Players & Hdcp'!$D$5:$D$20,MATCH(E6,'Players & Hdcp'!$A$5:$A$20,0)),IFERROR(INDEX(Scramble!$G$5:$G$6,MATCH(E6,Scramble!$B$5:$B$6,0)),""))} -> 10 | G6: =IFERROR(ABS(C6-F6),"") -> 0 | H6: =IF(C6=F6,"— none —",IF(C6>F6,B6,E6)) -> — none — | I6: Singles | L6: =IFERROR(INDEX('Cart Pairings'!$J$5:$J$12,MATCH(IF(COUNTIF(Scramble!$B$5:$B$6,B6)>0,INDEX(Scramble!$C$5:$C$6,MATCH(B6,Scramble!$B$5:$B$6,0)),B6),'Cart Pairings'!$B$5:$B$12,0)),IFERROR(INDEX('Cart Pairings'!$J$5:$J$12,MATCH(IF(COUNTIF(Scramble!$B$5:$B$6,B6)>0,INDEX(Scramble!$C$5:$C$6,MATCH(B6,Scramble!$B$5:$B$6,0)),B6),'Cart Pairings'!$C$5:$C$12,0)),"?")) -> A | M6: =IFERROR(INDEX('Cart Pairings'!$J$5:$J$12,MATCH(IF(COUNTIF(Scramble!$B$5:$B$6,E6)>0,INDEX(Scramble!$C$5:$C$6,MATCH(E6,Scramble!$B$5:$B$6,0)),E6),'Cart Pairings'!$B$5:$B$12,0)),IFERROR(INDEX('Cart Pairings'!$J$5:$J$12,MATCH(IF(COUNTIF(Scramble!$B$5:$B$6,E6)>0,INDEX(Scramble!$C$5:$C$6,MATCH(E6,Scramble!$B$5:$B$6,0)),E6),'Cart Pairings'!$C$5:$C$12,0)),"?")) -> A | N6: =IF(L6=M6,"together","SPLIT") -> together
A7: 3 | B7: Neels | C7: {=IFERROR(INDEX('Players & Hdcp'!$D$5:$D$20,MATCH(B7,'Players & Hdcp'!$A$5:$A$20,0)),IFERROR(INDEX(Scramble!$G$5:$G$6,MATCH(B7,Scramble!$B$5:$B$6,0)),""))} -> 13 | D7: vs | E7: Meat | F7: {=IFERROR(INDEX('Players & Hdcp'!$D$5:$D$20,MATCH(E7,'Players & Hdcp'!$A$5:$A$20,0)),IFERROR(INDEX(Scramble!$G$5:$G$6,MATCH(E7,Scramble!$B$5:$B$6,0)),""))} -> 12 | G7: =IFERROR(ABS(C7-F7),"") -> 1 | H7: =IF(C7=F7,"— none —",IF(C7>F7,B7,E7)) -> Neels | I7: Singles | L7: =IFERROR(INDEX('Cart Pairings'!$J$5:$J$12,MATCH(IF(COUNTIF(Scramble!$B$5:$B$6,B7)>0,INDEX(Scramble!$C$5:$C$6,MATCH(B7,Scramble!$B$5:$B$6,0)),B7),'Cart Pairings'!$B$5:$B$12,0)),IFERROR(INDEX('Cart Pairings'!$J$5:$J$12,MATCH(IF(COUNTIF(Scramble!$B$5:$B$6,B7)>0,INDEX(Scramble!$C$5:$C$6,MATCH(B7,Scramble!$B$5:$B$6,0)),B7),'Cart Pairings'!$C$5:$C$12,0)),"?")) -> B | M7: =IFERROR(INDEX('Cart Pairings'!$J$5:$J$12,MATCH(IF(COUNTIF(Scramble!$B$5:$B$6,E7)>0,INDEX(Scramble!$C$5:$C$6,MATCH(E7,Scramble!$B$5:$B$6,0)),E7),'Cart Pairings'!$B$5:$B$12,0)),IFERROR(INDEX('Cart Pairings'!$J$5:$J$12,MATCH(IF(COUNTIF(Scramble!$B$5:$B$6,E7)>0,INDEX(Scramble!$C$5:$C$6,MATCH(E7,Scramble!$B$5:$B$6,0)),E7),'Cart Pairings'!$C$5:$C$12,0)),"?")) -> B | N7: =IF(L7=M7,"together","SPLIT") -> together
A8: 4 | B8: Pat | C8: {=IFERROR(INDEX('Players & Hdcp'!$D$5:$D$20,MATCH(B8,'Players & Hdcp'!$A$5:$A$20,0)),IFERROR(INDEX(Scramble!$G$5:$G$6,MATCH(B8,Scramble!$B$5:$B$6,0)),""))} -> 13 | D8: vs | E8: Ron | F8: {=IFERROR(INDEX('Players & Hdcp'!$D$5:$D$20,MATCH(E8,'Players & Hdcp'!$A$5:$A$20,0)),IFERROR(INDEX(Scramble!$G$5:$G$6,MATCH(E8,Scramble!$B$5:$B$6,0)),""))} -> 12 | G8: =IFERROR(ABS(C8-F8),"") -> 1 | H8: =IF(C8=F8,"— none —",IF(C8>F8,B8,E8)) -> Pat | I8: Singles | L8: =IFERROR(INDEX('Cart Pairings'!$J$5:$J$12,MATCH(IF(COUNTIF(Scramble!$B$5:$B$6,B8)>0,INDEX(Scramble!$C$5:$C$6,MATCH(B8,Scramble!$B$5:$B$6,0)),B8),'Cart Pairings'!$B$5:$B$12,0)),IFERROR(INDEX('Cart Pairings'!$J$5:$J$12,MATCH(IF(COUNTIF(Scramble!$B$5:$B$6,B8)>0,INDEX(Scramble!$C$5:$C$6,MATCH(B8,Scramble!$B$5:$B$6,0)),B8),'Cart Pairings'!$C$5:$C$12,0)),"?")) -> C | M8: =IFERROR(INDEX('Cart Pairings'!$J$5:$J$12,MATCH(IF(COUNTIF(Scramble!$B$5:$B$6,E8)>0,INDEX(Scramble!$C$5:$C$6,MATCH(E8,Scramble!$B$5:$B$6,0)),E8),'Cart Pairings'!$B$5:$B$12,0)),IFERROR(INDEX('Cart Pairings'!$J$5:$J$12,MATCH(IF(COUNTIF(Scramble!$B$5:$B$6,E8)>0,INDEX(Scramble!$C$5:$C$6,MATCH(E8,Scramble!$B$5:$B$6,0)),E8),'Cart Pairings'!$C$5:$C$12,0)),"?")) -> C | N8: =IF(L8=M8,"together","SPLIT") -> together
A9: 5 | B9: Dan | C9: {=IFERROR(INDEX('Players & Hdcp'!$D$5:$D$20,MATCH(B9,'Players & Hdcp'!$A$5:$A$20,0)),IFERROR(INDEX(Scramble!$G$5:$G$6,MATCH(B9,Scramble!$B$5:$B$6,0)),""))} -> 16 | D9: vs | E9: Latex | F9: {=IFERROR(INDEX('Players & Hdcp'!$D$5:$D$20,MATCH(E9,'Players & Hdcp'!$A$5:$A$20,0)),IFERROR(INDEX(Scramble!$G$5:$G$6,MATCH(E9,Scramble!$B$5:$B$6,0)),""))} -> 17 | G9: =IFERROR(ABS(C9-F9),"") -> 1 | H9: =IF(C9=F9,"— none —",IF(C9>F9,B9,E9)) -> Latex | I9: Singles | L9: =IFERROR(INDEX('Cart Pairings'!$J$5:$J$12,MATCH(IF(COUNTIF(Scramble!$B$5:$B$6,B9)>0,INDEX(Scramble!$C$5:$C$6,MATCH(B9,Scramble!$B$5:$B$6,0)),B9),'Cart Pairings'!$B$5:$B$12,0)),IFERROR(INDEX('Cart Pairings'!$J$5:$J$12,MATCH(IF(COUNTIF(Scramble!$B$5:$B$6,B9)>0,INDEX(Scramble!$C$5:$C$6,MATCH(B9,Scramble!$B$5:$B$6,0)),B9),'Cart Pairings'!$C$5:$C$12,0)),"?")) -> B | M9: =IFERROR(INDEX('Cart Pairings'!$J$5:$J$12,MATCH(IF(COUNTIF(Scramble!$B$5:$B$6,E9)>0,INDEX(Scramble!$C$5:$C$6,MATCH(E9,Scramble!$B$5:$B$6,0)),E9),'Cart Pairings'!$B$5:$B$12,0)),IFERROR(INDEX('Cart Pairings'!$J$5:$J$12,MATCH(IF(COUNTIF(Scramble!$B$5:$B$6,E9)>0,INDEX(Scramble!$C$5:$C$6,MATCH(E9,Scramble!$B$5:$B$6,0)),E9),'Cart Pairings'!$C$5:$C$12,0)),"?")) -> C | N9: =IF(L9=M9,"together","SPLIT") -> SPLIT
A10: 6 | B10: Landon | C10: {=IFERROR(INDEX('Players & Hdcp'!$D$5:$D$20,MATCH(B10,'Players & Hdcp'!$A$5:$A$20,0)),IFERROR(INDEX(Scramble!$G$5:$G$6,MATCH(B10,Scramble!$B$5:$B$6,0)),""))} -> 23 | D10: vs | E10: Toe | F10: {=IFERROR(INDEX('Players & Hdcp'!$D$5:$D$20,MATCH(E10,'Players & Hdcp'!$A$5:$A$20,0)),IFERROR(INDEX(Scramble!$G$5:$G$6,MATCH(E10,Scramble!$B$5:$B$6,0)),""))} -> 21 | G10: =IFERROR(ABS(C10-F10),"") -> 2 | H10: =IF(C10=F10,"— none —",IF(C10>F10,B10,E10)) -> Landon | I10: Singles | L10: =IFERROR(INDEX('Cart Pairings'!$J$5:$J$12,MATCH(IF(COUNTIF(Scramble!$B$5:$B$6,B10)>0,INDEX(Scramble!$C$5:$C$6,MATCH(B10,Scramble!$B$5:$B$6,0)),B10),'Cart Pairings'!$B$5:$B$12,0)),IFERROR(INDEX('Cart Pairings'!$J$5:$J$12,MATCH(IF(COUNTIF(Scramble!$B$5:$B$6,B10)>0,INDEX(Scramble!$C$5:$C$6,MATCH(B10,Scramble!$B$5:$B$6,0)),B10),'Cart Pairings'!$C$5:$C$12,0)),"?")) -> C | M10: =IFERROR(INDEX('Cart Pairings'!$J$5:$J$12,MATCH(IF(COUNTIF(Scramble!$B$5:$B$6,E10)>0,INDEX(Scramble!$C$5:$C$6,MATCH(E10,Scramble!$B$5:$B$6,0)),E10),'Cart Pairings'!$B$5:$B$12,0)),IFERROR(INDEX('Cart Pairings'!$J$5:$J$12,MATCH(IF(COUNTIF(Scramble!$B$5:$B$6,E10)>0,INDEX(Scramble!$C$5:$C$6,MATCH(E10,Scramble!$B$5:$B$6,0)),E10),'Cart Pairings'!$C$5:$C$12,0)),"?")) -> B | N10: =IF(L10=M10,"together","SPLIT") -> SPLIT
A11: 7 | B11: Ryobi Scramble | C11: {=IFERROR(INDEX('Players & Hdcp'!$D$5:$D$20,MATCH(B11,'Players & Hdcp'!$A$5:$A$20,0)),IFERROR(INDEX(Scramble!$G$5:$G$6,MATCH(B11,Scramble!$B$5:$B$6,0)),""))} -> 12 | D11: vs | E11: B&D Scramble | F11: {=IFERROR(INDEX('Players & Hdcp'!$D$5:$D$20,MATCH(E11,'Players & Hdcp'!$A$5:$A$20,0)),IFERROR(INDEX(Scramble!$G$5:$G$6,MATCH(E11,Scramble!$B$5:$B$6,0)),""))} -> 12 | G11: =IFERROR(ABS(C11-F11),"") -> 0 | H11: =IF(C11=F11,"— none —",IF(C11>F11,B11,E11)) -> — none — | I11: 2-man scramble | L11: =IFERROR(INDEX('Cart Pairings'!$J$5:$J$12,MATCH(IF(COUNTIF(Scramble!$B$5:$B$6,B11)>0,INDEX(Scramble!$C$5:$C$6,MATCH(B11,Scramble!$B$5:$B$6,0)),B11),'Cart Pairings'!$B$5:$B$12,0)),IFERROR(INDEX('Cart Pairings'!$J$5:$J$12,MATCH(IF(COUNTIF(Scramble!$B$5:$B$6,B11)>0,INDEX(Scramble!$C$5:$C$6,MATCH(B11,Scramble!$B$5:$B$6,0)),B11),'Cart Pairings'!$C$5:$C$12,0)),"?")) -> D | M11: =IFERROR(INDEX('Cart Pairings'!$J$5:$J$12,MATCH(IF(COUNTIF(Scramble!$B$5:$B$6,E11)>0,INDEX(Scramble!$C$5:$C$6,MATCH(E11,Scramble!$B$5:$B$6,0)),E11),'Cart Pairings'!$B$5:$B$12,0)),IFERROR(INDEX('Cart Pairings'!$J$5:$J$12,MATCH(IF(COUNTIF(Scramble!$B$5:$B$6,E11)>0,INDEX(Scramble!$C$5:$C$6,MATCH(E11,Scramble!$B$5:$B$6,0)),E11),'Cart Pairings'!$C$5:$C$12,0)),"?")) -> D | N11: =IF(L11=M11,"together","SPLIT") -> together
A13: How a duel works
A14: • Both men play their own ball and post their own card — the duel costs you nothing extra to track.
A15: • Strokes: the higher handicap receives the full difference, one shot on each of the hardest holes.
A16: • Low net over 18 wins. Ties are ties unless the two of you agree to a playoff hole at the pool.
A17: • Wager whatever you like — $20, dinner, the whole pot. Write it in the Side Wager column so there is a record.
A18: • The duel result does not change the team result. It is purely for money and mouth.
A19: • A SPLIT duel still counts. It is just settled by comparing cards in the parking lot instead of by watching.
A20: • Columns L–N (tee-group check) are hidden on purpose. Committee eyes only — do not reopen the cart debate.

Sheet Cart Pairings
A1: Cart Pairings — 8 Carts
A2: Riders are set by who can and cannot stand each other for five hours. The duel table is independent — moving a rider does not move his match. Duel A and Duel B show which match each seat is playing.
A4: Cart # | B4: Rider A | C4: Rider B | D4: Hdcp A | E4: Hdcp B | F4: Team A | G4: Team B | H4: Duel A | I4: Duel B | J4: Tee Group
A5: 1 | B5: Jipp | C5: Adam | D5: {=IFERROR(INDEX('Players & Hdcp'!$D$5:$D$20,MATCH(B5,'Players & Hdcp'!$A$5:$A$20,0)),"")} -> 3 | E5: {=IFERROR(INDEX('Players & Hdcp'!$D$5:$D$20,MATCH(C5,'Players & Hdcp'!$A$5:$A$20,0)),"")} -> 10 | F5: {=IFERROR(INDEX(Teams!$A$5:$A$20,MATCH(B5,Teams!$B$5:$B$20,0)),"")} -> Ryobi | G5: {=IFERROR(INDEX(Teams!$A$5:$A$20,MATCH(C5,Teams!$B$5:$B$20,0)),"")} -> Ryobi | H5: =IFERROR(INDEX('Players & Hdcp'!$H$5:$H$20,MATCH(B5,'Players & Hdcp'!$A$5:$A$20,0)),"") -> 1 | I5: =IFERROR(INDEX('Players & Hdcp'!$H$5:$H$20,MATCH(C5,'Players & Hdcp'!$A$5:$A$20,0)),"") -> 2 | J5: A
A6: 2 | B6: Joe | C6: Tito | D6: {=IFERROR(INDEX('Players & Hdcp'!$D$5:$D$20,MATCH(B6,'Players & Hdcp'!$A$5:$A$20,0)),"")} -> 7 | E6: {=IFERROR(INDEX('Players & Hdcp'!$D$5:$D$20,MATCH(C6,'Players & Hdcp'!$A$5:$A$20,0)),"")} -> 10 | F6: {=IFERROR(INDEX(Teams!$A$5:$A$20,MATCH(B6,Teams!$B$5:$B$20,0)),"")} -> Black & Decker | G6: {=IFERROR(INDEX(Teams!$A$5:$A$20,MATCH(C6,Teams!$B$5:$B$20,0)),"")} -> Black & Decker | H6: =IFERROR(INDEX('Players & Hdcp'!$H$5:$H$20,MATCH(B6,'Players & Hdcp'!$A$5:$A$20,0)),"") -> 1 | I6: =IFERROR(INDEX('Players & Hdcp'!$H$5:$H$20,MATCH(C6,'Players & Hdcp'!$A$5:$A$20,0)),"") -> 2 | J6: A
A7: 3 | B7: Dan | C7: Meat | D7: {=IFERROR(INDEX('Players & Hdcp'!$D$5:$D$20,MATCH(B7,'Players & Hdcp'!$A$5:$A$20,0)),"")} -> 16 | E7: {=IFERROR(INDEX('Players & Hdcp'!$D$5:$D$20,MATCH(C7,'Players & Hdcp'!$A$5:$A$20,0)),"")} -> 12 | F7: {=IFERROR(INDEX(Teams!$A$5:$A$20,MATCH(B7,Teams!$B$5:$B$20,0)),"")} -> Ryobi | G7: {=IFERROR(INDEX(Teams!$A$5:$A$20,MATCH(C7,Teams!$B$5:$B$20,0)),"")} -> Black & Decker | H7: =IFERROR(INDEX('Players & Hdcp'!$H$5:$H$20,MATCH(B7,'Players & Hdcp'!$A$5:$A$20,0)),"") -> 5 | I7: =IFERROR(INDEX('Players & Hdcp'!$H$5:$H$20,MATCH(C7,'Players & Hdcp'!$A$5:$A$20,0)),"") -> 3 | J7: B
A8: 4 | B8: Toe | C8: Neels | D8: {=IFERROR(INDEX('Players & Hdcp'!$D$5:$D$20,MATCH(B8,'Players & Hdcp'!$A$5:$A$20,0)),"")} -> 21 | E8: {=IFERROR(INDEX('Players & Hdcp'!$D$5:$D$20,MATCH(C8,'Players & Hdcp'!$A$5:$A$20,0)),"")} -> 13 | F8: {=IFERROR(INDEX(Teams!$A$5:$A$20,MATCH(B8,Teams!$B$5:$B$20,0)),"")} -> Black & Decker | G8: {=IFERROR(INDEX(Teams!$A$5:$A$20,MATCH(C8,Teams!$B$5:$B$20,0)),"")} -> Ryobi | H8: =IFERROR(INDEX('Players & Hdcp'!$H$5:$H$20,MATCH(B8,'Players & Hdcp'!$A$5:$A$20,0)),"") -> 6 | I8: =IFERROR(INDEX('Players & Hdcp'!$H$5:$H$20,MATCH(C8,'Players & Hdcp'!$A$5:$A$20,0)),"") -> 3 | J8: B
A9: 5 | B9: Latex | C9: Ron | D9: {=IFERROR(INDEX('Players & Hdcp'!$D$5:$D$20,MATCH(B9,'Players & Hdcp'!$A$5:$A$20,0)),"")} -> 17 | E9: {=IFERROR(INDEX('Players & Hdcp'!$D$5:$D$20,MATCH(C9,'Players & Hdcp'!$A$5:$A$20,0)),"")} -> 12 | F9: {=IFERROR(INDEX(Teams!$A$5:$A$20,MATCH(B9,Teams!$B$5:$B$20,0)),"")} -> Black & Decker | G9: {=IFERROR(INDEX(Teams!$A$5:$A$20,MATCH(C9,Teams!$B$5:$B$20,0)),"")} -> Black & Decker | H9: =IFERROR(INDEX('Players & Hdcp'!$H$5:$H$20,MATCH(B9,'Players & Hdcp'!$A$5:$A$20,0)),"") -> 5 | I9: =IFERROR(INDEX('Players & Hdcp'!$H$5:$H$20,MATCH(C9,'Players & Hdcp'!$A$5:$A$20,0)),"") -> 4 | J9: C
A10: 6 | B10: Landon | C10: Pat | D10: {=IFERROR(INDEX('Players & Hdcp'!$D$5:$D$20,MATCH(B10,'Players & Hdcp'!$A$5:$A$20,0)),"")} -> 23 | E10: {=IFERROR(INDEX('Players & Hdcp'!$D$5:$D$20,MATCH(C10,'Players & Hdcp'!$A$5:$A$20,0)),"")} -> 13 | F10: {=IFERROR(INDEX(Teams!$A$5:$A$20,MATCH(B10,Teams!$B$5:$B$20,0)),"")} -> Ryobi | G10: {=IFERROR(INDEX(Teams!$A$5:$A$20,MATCH(C10,Teams!$B$5:$B$20,0)),"")} -> Ryobi | H10: =IFERROR(INDEX('Players & Hdcp'!$H$5:$H$20,MATCH(B10,'Players & Hdcp'!$A$5:$A$20,0)),"") -> 6 | I10: =IFERROR(INDEX('Players & Hdcp'!$H$5:$H$20,MATCH(C10,'Players & Hdcp'!$A$5:$A$20,0)),"") -> 4 | J10: C
A11: 7 | B11: String | C11: Terb | D11: {=IFERROR(INDEX('Players & Hdcp'!$D$5:$D$20,MATCH(B11,'Players & Hdcp'!$A$5:$A$20,0)),"")} -> 23 | E11: {=IFERROR(INDEX('Players & Hdcp'!$D$5:$D$20,MATCH(C11,'Players & Hdcp'!$A$5:$A$20,0)),"")} -> 23 | F11: {=IFERROR(INDEX(Teams!$A$5:$A$20,MATCH(B11,Teams!$B$5:$B$20,0)),"")} -> Ryobi | G11: {=IFERROR(INDEX(Teams!$A$5:$A$20,MATCH(C11,Teams!$B$5:$B$20,0)),"")} -> Ryobi | H11: =IFERROR(INDEX('Players & Hdcp'!$H$5:$H$20,MATCH(B11,'Players & Hdcp'!$A$5:$A$20,0)),"") -> 7 | I11: =IFERROR(INDEX('Players & Hdcp'!$H$5:$H$20,MATCH(C11,'Players & Hdcp'!$A$5:$A$20,0)),"") -> 7 | J11: D
A12: 8 | B12: Rat | C12: Hulk | D12: {=IFERROR(INDEX('Players & Hdcp'!$D$5:$D$20,MATCH(B12,'Players & Hdcp'!$A$5:$A$20,0)),"")} -> 23 | E12: {=IFERROR(INDEX('Players & Hdcp'!$D$5:$D$20,MATCH(C12,'Players & Hdcp'!$A$5:$A$20,0)),"")} -> 23 | F12: {=IFERROR(INDEX(Teams!$A$5:$A$20,MATCH(B12,Teams!$B$5:$B$20,0)),"")} -> Black & Decker | G12: {=IFERROR(INDEX(Teams!$A$5:$A$20,MATCH(C12,Teams!$B$5:$B$20,0)),"")} -> Black & Decker | H12: =IFERROR(INDEX('Players & Hdcp'!$H$5:$H$20,MATCH(B12,'Players & Hdcp'!$A$5:$A$20,0)),"") -> 7 | I12: =IFERROR(INDEX('Players & Hdcp'!$H$5:$H$20,MATCH(C12,'Players & Hdcp'!$A$5:$A$20,0)),"") -> 7 | J12: D
A15: Tee groups — 10 minutes apart
A16: • Group A — carts 1 and 2: Jipp/Adam, Joe/Tito. Duels 1 and 2, both intact. Fastest players out first.
A17: • Group B — carts 3 and 4: Dan/Meat, Toe/Neels. Duel 3 intact; duels 5 and 6 split with Group C.
A18: • Group C — carts 5 and 6: Latex/Ron, Landon/Pat. Duel 4 intact; duels 5 and 6 split with Group B.
A19: • Group D — carts 7 and 8: String/Terb, Rat/Hulk. The scramble match, together by necessity.
A20: • Swapping Dan and Landon between carts 3 and 6 makes all seven duels intact — see the review notes.
A21: Pace of play — read this on the first tee
A22: • Ready golf all day. Hit when you're ready, not when it's your turn.
A23: • Two-minute search, then drop. No second provisional.
A24: • Max score is triple bogey — pick up, it's expected.
A25: • One pace captain per group. He gets to be annoying about it.
A26: • Cart-path-only: take three clubs, get dropped at your ball.
A27: • Scramble pairs: both hit, take the best, both play from there. It is faster than singles, not slower.

Sheet Format & Money
A1: Format & Money — DRAFT v2
A2: Everything below is a proposal, not a ruling. Numbers in yellow are the levers.
A4: The game
A5: Two teams of eight — Team Ryobi and Team Black & Decker. One round, individual net stroke play.
A6: Six men per team play their own ball. Two men per team play as a 2-man scramble pair.
A7: That gives each team seven scoring units: six individual net scores plus one scramble net score.
A8: Team score = the best SIX of those seven. The worst unit is dropped and counts for nothing.
A9: The dropped man is named on the scoreboard. That is the point. Do not be that man.
A10: The scramble pair can be the dropped unit. Two men, one ball, still worthless — a real possibility.
A11: Max score on any hole is triple bogey. 90% playing handicaps. Everyone plays Blue except the two scramble pairs, who play White and give back 3 strokes for it.
A13: Why two teams and not four
A14: Four teams needs four scramble pairs — eight men in the scramble. You only have four volunteers.
... A40: 3. Duel matchups are keyed to handicap, not to carts. If a cart moves, the duel does not follow it.

Sheet Team Scoring
A1: Team Scoring — best 6 of 7
A2: Backup card for the day. Enter each unit's gross score in the yellow column; net and the drop are calculated. The worst unit on each team is dropped and named. Triple bogey max per hole.
A4: Team | B4: Scoring Unit | C4: Playing Hdcp | D4: Gross | E4: Net | F4: Counts? | H4: Result
A5: Ryobi | B5: =IFERROR(INDEX(Teams!$B$5:$B$20,MATCH("Ryobi-1",Teams!$N$5:$N$20,0)),"— empty —") -> Jipp | C5: {=IFERROR(INDEX('Players & Hdcp'!$D$5:$D$20,MATCH(B5,'Players & Hdcp'!$A$5:$A$20,0)),"")} -> 3 | E5: =IF(D5="","",D5-C5) | F5: =IF(E5="","",IF(AND(E5=MAX($E$5:$E$11),ROW()=MATCH(MAX($E$5:$E$11),$E$5:$E$11,0)+5-1),"DROPPED","counts")) | H5: Ryobi — best 6 of 7 | I5: =IF(COUNT($E$5:$E$11)<7,"",SUM($E$5:$E$11)-MAX($E$5:$E$11))
A6: Ryobi | B6: =IFERROR(INDEX(Teams!$B$5:$B$20,MATCH("Ryobi-2",Teams!$N$5:$N$20,0)),"— empty —") -> Adam | C6: {=IFERROR(INDEX('Players & Hdcp'!$D$5:$D$20,MATCH(B6,'Players & Hdcp'!$A$5:$A$20,0)),"")} -> 10 | E6: =IF(D6="","",D6-C6) | F6: =IF(E6="","",IF(AND(E6=MAX($E$5:$E$11),ROW()=MATCH(MAX($E$5:$E$11),$E$5:$E$11,0)+5-1),"DROPPED","counts")) | H6: Black & Decker — best 6 of 7 | I6: =IF(COUNT($E$12:$E$18)<7,"",SUM($E$12:$E$18)-MAX($E$12:$E$18))
A7: Ryobi | B7: =IFERROR(INDEX(Teams!$B$5:$B$20,MATCH("Ryobi-3",Teams!$N$5:$N$20,0)),"— empty —") -> Neels | C7: {=IFERROR(INDEX('Players & Hdcp'!$D$5:$D$20,MATCH(B7,'Players & Hdcp'!$A$5:$A$20,0)),"")} -> 13 | E7: =IF(D7="","",D7-C7) | F7: =IF(E7="","",IF(AND(E7=MAX($E$5:$E$11),ROW()=MATCH(MAX($E$5:$E$11),$E$5:$E$11,0)+5-1),"DROPPED","counts")) | H7: Margin | I7: =IF(OR(I5="",I6=""),"",ABS(I5-I6))
A8: Ryobi | B8: =IFERROR(INDEX(Teams!$B$5:$B$20,MATCH("Ryobi-4",Teams!$N$5:$N$20,0)),"— empty —") -> Pat | C8: {=IFERROR(INDEX('Players & Hdcp'!$D$5:$D$20,MATCH(B8,'Players & Hdcp'!$A$5:$A$20,0)),"")} -> 13 | E8: =IF(D8="","",D8-C8) | F8: =IF(E8="","",IF(AND(E8=MAX($E$5:$E$11),ROW()=MATCH(MAX($E$5:$E$11),$E$5:$E$11,0)+5-1),"DROPPED","counts")) | H8: Winner | I8: =IF(OR(I5="",I6=""),"",IF(I5<I6,"RYOBI",IF(I6<I5,"BLACK & DECKER","TIE — playoff at the pool")))
A9: Ryobi | B9: =IFERROR(INDEX(Teams!$B$5:$B$20,MATCH("Ryobi-5",Teams!$N$5:$N$20,0)),"— empty —") -> Dan | C9: {=IFERROR(INDEX('Players & Hdcp'!$D$5:$D$20,MATCH(B9,'Players & Hdcp'!$A$5:$A$20,0)),"")} -> 16 | E9: =IF(D9="","",D9-C9) | F9: =IF(E9="","",IF(AND(E9=MAX($E$5:$E$11),ROW()=MATCH(MAX($E$5:$E$11),$E$5:$E$11,0)+5-1),"DROPPED","counts")) | H9: Ryobi dropped | I9: {=IF(COUNT($E$5:$E$11)<7,"",INDEX($B$5:$B$11,MATCH(MAX($E$5:$E$11),$E$5:$E$11,0)))}
A10: Ryobi | B10: =IFERROR(INDEX(Teams!$B$5:$B$20,MATCH("Ryobi-6",Teams!$N$5:$N$20,0)),"— empty —") -> Landon | C10: {=IFERROR(INDEX('Players & Hdcp'!$D$5:$D$20,MATCH(B10,'Players & Hdcp'!$A$5:$A$20,0)),"")} -> 23 | E10: =IF(D10="","",D10-C10) | F10: =IF(E10="","",IF(AND(E10=MAX($E$5:$E$11),ROW()=MATCH(MAX($E$5:$E$11),$E$5:$E$11,0)+5-1),"DROPPED","counts")) | H10: B&D dropped | I10: {=IF(COUNT($E$12:$E$18)<7,"",INDEX($B$12:$B$18,MATCH(MAX($E$12:$E$18),$E$12:$E$18,0)))}
A11: Ryobi | B11: =IFERROR(INDEX(Scramble!$B$5:$B$6,MATCH("Ryobi",Scramble!$F$5:$F$6,0)),"— empty —") -> Ryobi Scramble | C11: =IFERROR(INDEX(Scramble!$G$5:$G$6,MATCH(B11,Scramble!$B$5:$B$6,0)),"") -> 12 | E11: =IF(D11="","",D11-C11) | F11: =IF(E11="","",IF(AND(E11=MAX($E$5:$E$11),ROW()=MATCH(MAX($E$5:$E$11),$E$5:$E$11,0)+5-1),"DROPPED","counts"))
A12: Black & Decker | B12: =IFERROR(INDEX(Teams!$B$5:$B$20,MATCH("Black & Decker-1",Teams!$N$5:$N$20,0)),"— empty —") -> Joe | C12: {=IFERROR(INDEX('Players & Hdcp'!$D$5:$D$20,MATCH(B12,'Players & Hdcp'!$A$5:$A$20,0)),"")} -> 7 | E12: =IF(D12="","",D12-C12) | F12: =IF(E12="","",IF(AND(E12=MAX($E$12:$E$18),ROW()=MATCH(MAX($E$12:$E$18),$E$12:$E$18,0)+12-1),"DROPPED","counts")) | H12: The pot: $50 a man, $800, winner take all. Eight men get $100 back. Eight men get a story.
A13: Black & Decker | B13: =IFERROR(INDEX(Teams!$B$5:$B$20,MATCH("Black & Decker-2",Teams!$N$5:$N$20,0)),"— empty —") -> Tito | C13: {=IFERROR(INDEX('Players & Hdcp'!$D$5:$D$20,MATCH(B13,'Players & Hdcp'!$A$5:$A$20,0)),"")} -> 10 | E13: =IF(D13="","",D13-C13) | F13: =IF(E13="","",IF(AND(E13=MAX($E$12:$E$18),ROW()=MATCH(MAX($E$12:$E$18),$E$12:$E$18,0)+12-1),"DROPPED","counts"))
A14: Black & Decker | B14: =IFERROR(INDEX(Teams!$B$5:$B$20,MATCH("Black & Decker-3",Teams!$N$5:$N$20,0)),"— empty —") -> Meat | C14: {=IFERROR(INDEX('Players & Hdcp'!$D$5:$D$20,MATCH(B14,'Players & Hdcp'!$A$5:$A$20,0)),"")} -> 12 | E14: =IF(D14="","",D14-C14) | F14: =IF(E14="","",IF(AND(E14=MAX($E$12:$E$18),ROW()=MATCH(MAX($E$12:$E$18),$E$12:$E$18,0)+12-1),"DROPPED","counts"))
A15: Black & Decker | B15: =IFERROR(INDEX(Teams!$B$5:$B$20,MATCH("Black & Decker-4",Teams!$N$5:$N$20,0)),"— empty —") -> Ron | C15: {=IFERROR(INDEX('Players & Hdcp'!$D$5:$D$20,MATCH(B15,'Players & Hdcp'!$A$5:$A$20,0)),"")} -> 12 | E15: =IF(D15="","",D15-C15) | F15: =IF(E15="","",IF(AND(E15=MAX($E$12:$E$18),ROW()=MATCH(MAX($E$12:$E$18),$E$12:$E$18,0)+12-1),"DROPPED","counts"))
A16: Black & Decker | B16: =IFERROR(INDEX(Teams!$B$5:$B$20,MATCH("Black & Decker-5",Teams!$N$5:$N$20,0)),"— empty —") -> Latex | C16: {=IFERROR(INDEX('Players & Hdcp'!$D$5:$D$20,MATCH(B16,'Players & Hdcp'!$A$5:$A$20,0)),"")} -> 17 | E16: =IF(D16="","",D16-C16) | F16: =IF(E16="","",IF(AND(E16=MAX($E$12:$E$18),ROW()=MATCH(MAX($E$12:$E$18),$E$12:$E$18,0)+12-1),"DROPPED","counts"))
A17: Black & Decker | B17: =IFERROR(INDEX(Teams!$B$5:$B$20,MATCH("Black & Decker-6",Teams!$N$5:$N$20,0)),"— empty —") -> Toe | C17: {=IFERROR(INDEX('Players & Hdcp'!$D$5:$D$20,MATCH(B17,'Players & Hdcp'!$A$5:$A$20,0)),"")} -> 21 | E17: =IF(D17="","",D17-C17) | F17: =IF(E17="","",IF(AND(E17=MAX($E$12:$E$18),ROW()=MATCH(MAX($E$12:$E$18),$E$12:$E$18,0)+12-1),"DROPPED","counts"))
A18: Black & Decker | B18: =IFERROR(INDEX(Scramble!$B$5:$B$6,MATCH("Black & Decker",Scramble!$F$5:$F$6,0)),"— empty —") -> B&D Scramble | C18: =IFERROR(INDEX(Scramble!$G$5:$G$6,MATCH(B18,Scramble!$B$5:$B$6,0)),"") -> 12 | E18: =IF(D18="","",D18-C18) | F18: =IF(E18="","",IF(AND(E18=MAX($E$12:$E$18),ROW()=MATCH(MAX($E$12:$E$18),$E$12:$E$18,0)+12-1),"DROPPED","counts"))
A20: Unit names read straight off the Teams tab. Move a man between teams and this card follows him — it no longer keeps its own copy of the roster to get out of date.
